employee_id,first_name,last_name,age,gender,department,salary,title
1,John,Doe,35,Male,Marketing,50000,developer
2,Jane,Smith,28,Female,Sales,60000,senior developer
3,Michael,Johnson,42,Male,Finance,70000,manager
4,Emily,Williams,31,Female,HR,55000,vp
5,James,Brown,37,Male,Operations,65000,developer
6,Emma,Taylor,29,Female,IT,80000,developer
7,William,Clark,33,Male,Marketing,52000,developer
8,Olivia,Miller,26,Female,Sales,62000,developer
9,Liam,Anderson,39,Male,Finance,72000,developer
10,Sophia,Lewis,32,Female,HR,58000,developer
11,Benjamin,Thomas,34,Male,Operations,68000,developer
12,Ava,Hall,27,Female,IT,85000,developer
13,Alexander,White,36,Male,Marketing,53000,developer
14,Charlotte,Jackson,30,Female,Sales,63000,developer
15,Ethan,Harris,31,Male,Finance,73000,developer
16,Mia,Martin,29,Female,HR,60000,developer
17,David,Anderson,35,Male,Operations,70000,developer
18,Sofia,Moore,28,Female,IT,90000,developer
19,Joseph,King,37,Male,Marketing,54000,developer
20,Amelia,Cooper,29,Female,Sales,65000,developer
21,Lucas,Hill,33,Male,Finance,75000,developer
22,Grace,Walker,26,Female,HR,62000,developer
23,Aiden,Green,38,Male,Operations,72000,developer
24,Harper,Young,31,Female,IT,95000,developer
25,Christopher,Allen,34,Male,Marketing,55000,developer
26,Lily,Wright,27,Female,Sales,67000,developer
27,Daniel,Robinson,36,Male,Finance,77000,developer
28,Sofia,Hall,30,Female,HR,64000,developer
29,Logan,Turner,32,Male,Operations,74000,developer
30,Ella,Lee,29,Female,IT,98000,developer
31,William,Parker,35,Male,Marketing,56000,developer
32,Avery,Carter,28,Female,Sales,68000,developer
33,Lincoln,Gonzalez,34,Male,Finance,80000,developer
34,Chloe,Harris,27,Female,HR,66000,developer
35,Michael,Walker,36,Male,Operations,76000,developer
36,Emily,Moore,31,Female,IT,102000,developer
37,James,Phillips,33,Male,Marketing,58000,developer
38,Olivia,Hall,26,Female,Sales,70000,developer
39,Benjamin,Clark,38,Male,Finance,82000,developer
40,Ava,Lopez,30,Female,HR,68000,developer
41,Alexander,Turner,35,Male,Operations,78000,senior developer
42,Sophia,Campbell,29,Female,IT,105000,senior developer
43,Joseph,Roberts,32,Male,Marketing,60000,senior developer
44,Mia,Hill,27,Female,Sales,72000,senior developer
45,David,Ross,36,Male,Finance,85000,senior developer
46,Lucy,Perez,31,Female,HR,70000,senior developer
47,Logan,Cooper,33,Male,Operations,80000,senior developer
48,Emma,Richardson,28,Female,IT,108000,senior developer
49,Ethan,Phillips,34,Male,Marketing,62000,senior developer
50,Charlotte,Smith,26,Female,Sales,75000,senior developer
51,Noah,Kelly,37,Male,Finance,87000,senior developer
52,Sophia,Reed,30,Female,HR,72000,senior developer
53,Lucas,Cox,35,Male,Operations,82000,senior developer
54,Avery,Collins,29,Female,IT,110000,senior developer
55,William,Rivera,32,Male,Marketing,64000,senior developer
56,Olivia,Hall,27,Female,Sales,77000,senior developer
57,Mason,Morris,36,Male,Finance,90000,senior developer
58,Ava,Gonzalez,31,Female,HR,75000,senior developer
59,Aiden,Cook,33,Male,Operations,85000,senior developer
60,Emily,Allen,28,Female,IT,112000,senior developer
61,James,Hill,34,Male,Marketing,66000,senior developer
62,Isabella,Turner,26,Female,Sales,79000,senior developer
63,Ethan,Walker,37,Male,Finance,92000,senior developer
64,Emily,Parker,31,Female,HR,78000,senior developer
65,Liam,Smith,33,Male,Operations,88000,senior developer
66,Abigail,Adams,29,Female,IT,115000,senior developer
67,Lucas,Carter,35,Male,Marketing,68000,senior developer
68,Charlotte,Reed,28,Female,Sales,81000,senior developer
69,Benjamin,Cook,34,Male,Finance,95000,senior developer
70,Ava,Baker,30,Female,HR,80000,senior developer
71,William,Morris,37,Male,Operations,90000,senior developer
72,Sophia,Young,31,Female,IT,118000,senior developer
73,Mason,Turner,33,Male,Marketing,70000,senior developer
74,Ava,Harris,26,Female,Sales,83000,senior developer
75,Ethan,Collins,36,Male,Finance,98000,senior developer
76,Olivia,Rivera,31,Female,HR,82000,senior developer
77,Noah,Martinez,33,Male,Operations,92000,senior developer
78,Sophia,Peterson,28,Female,IT,122000,senior developer
79,Logan,Howard,34,Male,Marketing,72000,senior developer
80,Ava,Perez,26,Female,Sales,86000,senior developer
81,William,Adams,37,Male,Finance,105000,manager
82,Emily,Turner,31,Female,HR,88000,manager
83,Liam,Carter,33,Male,Operations,98000,manager
84,Sophia,Harris,29,Female,IT,125000,manager
85,Aiden,Parker,35,Male,Marketing,74000,manager
86,Olivia,Ross,28,Female,Sales,89000,manager
87,James,Evans,36,Male,Finance,108000,manager
88,Sophia,Stewart,31,Female,HR,92000,manager
89,Ethan,Phillips,33,Male,Operations,102000,manager
90,Emily,Allen,29,Female,IT,128000,manager
91,Liam,Kelly,37,Male,Marketing,76000,manager
92,Abigail,Ward,28,Female,Sales,92000,manager
93,Lucas,Rivera,36,Male,Finance,112000,manager
94,Charlotte,Wilson,31,Female,HR,96000,manager
95,Benjamin,Roberts,33,Male,Operations,108000,manager
96,Ava,Cook,29,Female,IT,132000,vp
97,William,Hill,35,Male,Marketing,78000,vp
98,Olivia,Martinez,26,Female,Sales,95000,vp
99,Mason,Reed,37,Male,Finance,115000,vp
100,Ella,Brown,31,Female,HR,99000,vp
